Statistics,Bioinformatics,Communication,BibliographyServices,OperatingSystems,ProgrammingLanguage,Uncertain
R,BLAST,REDCAP,GOOGLE SCHOLAR,IOS,MATLAB,EXCEL
SPSS,PYMOL,SKYPE,SCOPUS,LINUX,NET,MEGA
STATA,CHIMERA,QUALTRICS,GISAID,WINDOWS,PYTHON,MUSCLE
SAS,FLOWJO,GITHUB,GOOGLE TRENDS,MS,BERT,SWISS
NVIVO,ENSEMBL,REDDIT,XGBOOST,MOE,TENSORFLOW,PHENIX
SEURAT,BEAST,FACETIME,FASTTEXT,ROSETTA,SIMPLOT,ONE
MEDCALC,MAFFT,SURVEYMONKEY,CHEMBL,,SCIKIT,MODEL
GRAPHPAD PRISM,CYTOSCAPE,,,,WORD2VEC,LEARN
GGPLOT2,GROMACS,,,,SPARQL,CT
STATISTICAL PACKAGE FOR THE SOCIAL SCIENCES,GENEIOUS,,,,OPENMP,ARCGIS
ARIMA,GSEA,,,,ROBERTA,SAFEGRAPH
,BIOEDIT,,,,SCIPY,TREE
,TASSER,,,,,LASSO
,COOT,,,,,PROMED
,MASCOT,,,,,STRING
,GENORM,,,,,WEB
,DNASTAR,,,,,COVID
,SAMTOOLS,,,,,PRO
,AMBER,,,,,PHYML
,CHARMM,,,,,AUTO
,DAVID,,,,,BWA
,RAXML,,,,,SHERLOCK
,MFOLD,,,,,ADAM
,NEXTSTRAIN,,,,,STAR
,VAXIJEN,,,,,ML
,HADDOCK,,,,,DOCK
,VMD,,,,,RELION
,IPA,,,,,
,MODELLER,,,,,
,NORMFINDER,,,,,
,BEPIPRED,,,,,
