paper_id,doi,title,source_x,license,publish_time,journal,url,software
0544018330712202c7284252bbee4d5b438508b0,10.1016/j.hjdsi.2020.100440,Dynamic Diffusion Network: Advancing moral injury care and suicide prevention using an innovative model,Elsevier; Medline; PMC,no-cc,2020-08-05,Healthc (Amst),https://doi.org/10.1016/j.hjdsi.2020.100440; https://www.ncbi.nlm.nih.gov/pubmed/32919579/; https://api.elsevier.com/content/article/pii/S2213076420300397; https://www.sciencedirect.com/science/article/pii/S2213076420300397,"['ADAPT', 'MHICS']"
0eca1c4d864dbc554f490d665c59e9b6391e6a75,10.1007/978-3-030-52237-7_8,Predicting Gaps in Usage in a Phone-Based Literacy Intervention System,PMC,no-cc,2020-06-09,Artificial Intelligence in Education,https://www.ncbi.nlm.nih.gov/pmc/articles/PMC7334192/,"['Scikit', 'Learn', 'Grid Search', 'eXtreme', 'XGBoost', 'XGBoost', 'Allô Alphabet', 'XGBoost', 'XGBoost', 'XGBoost', 'Allô', 'XGBoost', 'Allô']"
1823d2d318f3e6545179d253962929371720fa88,10.1016/j.prevetmed.2020.105130,Standardizing output-based surveillance to control non-regulated cattle diseases: aspiring for a single general regulatory framework in the European Union,Elsevier; Medline; PMC,no-cc,2020-08-25,Prev Vet Med,https://www.ncbi.nlm.nih.gov/pubmed/32920493/; https://www.sciencedirect.com/science/article/pii/S0167587720302993?v=s5; https://doi.org/10.1016/j.prevetmed.2020.105130; https://api.elsevier.com/content/article/pii/S0167587720302993,"['STOC', 'SOUND Control', 'SOUND CONTROL', 'RISKSUR', 'STOC']"
1963efabf6787b33386d7589664bd108ad7f01ba,10.1016/j.virusres.2015.08.001,Identification and complete genome analysis of a novel bovine picornavirus in Japan,Elsevier; Medline; PMC,els-covid,2015-12-02,Virus Research,https://www.sciencedirect.com/science/article/pii/S0168170215300332; https://www.ncbi.nlm.nih.gov/pubmed/26260333/; https://doi.org/10.1016/j.virusres.2015.08.001; https://api.elsevier.com/content/article/pii/S0168170215300332,"['MiSeq Reporter', 'NetPicoRNA', 'BLAST', 'BLAST', 'CLC Genomics Workbench', 'ClustalW', 'MEGA5', 'Mfold', 'Mfold', 'NetPicoRNA']"
1a5c7512b0e842a7b5f1d1511d0f035a0dbc3c25,10.1371/journal.pone.0029542,SARS Coronavirus 3b Accessory Protein Modulates Transcriptional Activity of RUNX1b,Medline; PMC,cc-by,2012-01-12,PLoS One,https://www.ncbi.nlm.nih.gov/pubmed/22253733/; https://doi.org/10.1371/journal.pone.0029542,"['NIS', 'elements']"
1b462ac355bea3326dc61a4f5907f4d982a32df8,10.1101/2020.04.26.062422,Quality control of low-frequency variants in SARS-CoV-2 genomes,BioRxiv; WHO,biorxiv,2020-05-07,bioRxiv,https://doi.org/10.1101/2020.04.26.062422,"['GISAID', 'SnpEff', 'GISAID', 'GISAID', 'GISAID', 'GISAID', 'minimap2', 'GISAID', 'MEGAHIT', 'GISAID', 'GISAID', 'Tablet', 'MergeVcfs', 'mpileup']"
1eb30274f06f99871b2c0ffc42d332c49a5bf9ea,10.3390/tropicalmed5040165,A Brief History of the Major Rickettsioses in the Asia–Australia–Pacific Region: A Capstone Review for the Special Issue of TMID,PMC,cc-by,2020-10-27,Trop Med Infect Dis,https://www.ncbi.nlm.nih.gov/pmc/articles/PMC7709643/,"['InBios', 'TMID', 'JG', 'Kato']"
295276513ff58cc157c3d68caf15a8baa073eed5,10.1080/22221751.2020.1770129,Profiling serum cytokines in COVID-19 patients reveals IL-6 and IL-10 are disease severity predictors,Medline; PMC,cc-by,2020-05-31,Emerging microbes & infections,https://doi.org/10.1080/22221751.2020.1770129; https://www.ncbi.nlm.nih.gov/pubmed/32475230/,['SPSS']
298411754600df1a81e17bfb98c30e0b26227ca5,10.1016/j.eswa.2019.113046,An efficient pattern growth approach for mining fault tolerant frequent itemsets,Elsevier; Medline; PMC,no-cc,2020-04-01,Expert Syst Appl,https://www.ncbi.nlm.nih.gov/pubmed/32288329/; https://api.elsevier.com/content/article/pii/S0957417419307638; https://www.sciencedirect.com/science/article/pii/S0957417419307638; https://doi.org/10.1016/j.eswa.2019.113046,"['FT', 'PatternGrowth', 'FT', 'PatternGrowth', 'VB', 'FT', 'Mine', 'FT', 'FT', 'PatternGrowth', 'FT', 'Apriori', 'VB', 'FT', 'Mine', 'FT', 'TreeBased', 'FT', 'PatternGrowth', 'FT', 'PatternGrowth', 'FT', 'TreeBased', 'FT', 'Apriori', 'FT', 'Apriori', 'VB', 'FT', 'Mine', 'FT', 'TreeBased', 'VB', 'FT', 'Mine', 'FT', 'PatternGrowth', 'FT', 'Apriori', 'VB', 'FT', 'Mine', 'VB', 'FT', 'Mine', 'FT', 'PatternGrowth', 'FT', 'PatternGrowth', 'FT', 'VB', 'FT', 'Mine', 'FT', 'TreeBased', 'FT', 'Apriori', 'VB', 'FT', 'Mine', 'FT', 'Apriori', 'FT', 'PatternGrowth', 'FT', 'FT', 'PatternGrowth', 'FP', 'tree', 'FT', 'PatternGrowth', 'FT', 'PatternGrowth', 'VB', 'FT', 'Mine', 'FT', 'Apriori', 'FT', 'PatternGrowth', 'VB', 'FT', 'PatternGrowth', 'VB', 'FT', 'FT', 'VB', 'FT', 'Mine', 'FT', 'Apriori', 'VB', 'FT', 'Mine', 'FT', 'PatternGrowth', 'FT', 'PatternGrowth', 'FT', 'PatternGrowth', 'FT', 'PatternGrowth', 'FT', 'Apriori', 'FT', 'FT', 'PatternGrowth', 'FT', 'PatternGrowth', 'VB', 'FT', 'PatternGrowth', 'FT', 'FT', 'PatternGrowth', 'FT', 'Apriroi', 'FT', 'PatternGrowth', 'FT', 'Apriori', 'VB', 'FT', 'Mine', 'FT', 'VB', 'FT', 'Mine', 'VB', 'FT', 'Mine', 'FT', 'Apriori', 'VB', 'FT', 'Mine', 'FT', 'PatternGrowth', 'FT', 'PatternGrowth', 'FT', 'Apriori', 'FT', 'FT', 'PatternGrowth', 'VB', 'FT', 'Mine', 'FT', 'Apriori', 'FT', 'FT', 'PatternGrowth']"
2db28d2cd54bf5a567c433e55b4b7071707707d1,10.1159/000505342,"OBEDIS Core Variables Project: European Expert Guidelines on a Minimal Core Set of Variables to Include in Randomized, Controlled Clinical Trials of Obesity Interventions",PMC,no-cc,2020-01-16,Obes Facts,https://www.ncbi.nlm.nih.gov/pmc/articles/PMC7098277/,"['EASO', 'WOMAC VA', 'OBEDIS', 'OBEDIS', 'OBEDIS', 'EuroQol']"
2f6c723354ef0eecfb9f7c030356453b9f2d0056,10.3390/ijerph17218203,The Accuracy of Self-Reported Body Weight Is High but Dependent on Recent Weight Change and Negative Affect in Teenage Girls,PMC,cc-by,2020-11-06,Int J Environ Res Public Health,https://www.ncbi.nlm.nih.gov/pmc/articles/PMC7664388/,['SAS']
2f83470ba42e0493466d847fde82855ade329361,10.1111/j.1095-8312.1990.tb00541.x,Phylogenetic relationships and molecular evolution in uropeltid snakes (Serpentes: Uropeltidae): allozymes and albumin immunology,PMC,no-cc,2008-01-14,Biol J Linn Soc Lond,https://www.ncbi.nlm.nih.gov/pmc/articles/PMC7161806/,"['FREQPARS', 'FREQPARS', 'FREQPARS', 'BIOSYS', 'FREQPARS', 'UPGMA', 'BIOSYS']"
3136e3edc838084a68ca092005ec6a561e1f3705,10.1007/s40670-019-00881-4,Pre-clinical Stress Management Workshops Increase Medical Students’ Knowledge and Self-awareness of Coping with Stress,PMC,no-cc,2019-12-09,Med Sci Educ,https://www.ncbi.nlm.nih.gov/pmc/articles/PMC7223904/,"['JMP Pro', 'STATA', 'Qualtrics']"
341a510819e8fa76bc13caf8b42d4c5fa1f86041,10.1016/j.bbmt.2019.07.007,Outcomes of Hematopoietic Cell Transplantation in Patients with Germline SAMD9/SAMD9L Mutations,Elsevier; Medline; PMC,els-covid,2019-11-30,Biology of Blood and Marrow Transplantation,https://doi.org/10.1016/j.bbmt.2019.07.007; https://www.ncbi.nlm.nih.gov/pubmed/31306780/; https://www.sciencedirect.com/science/article/pii/S1083879119304392; https://api.elsevier.com/content/article/pii/S1083879119304392,"['GraphPad Prism', 'MIRAGE']"
395b7af2b84f8d9fdee688376023e53b554625da,10.1371/journal.pone.0236312,Lung ultrasound score to monitor COVID-19 pneumonia progression in patients with ARDS,Medline; PMC,cc-by,2020-07-21,PLoS One,https://www.ncbi.nlm.nih.gov/pubmed/32692769/; https://doi.org/10.1371/journal.pone.0236312,"['LUSS', 'LUSS']"
39befa04576e3b14e015f0d458e21c2bb05d2acf,10.1017/dmp.2020.262,Material Suitability Testing for Nonmedical Grade Community Face Masks to Decrease Viral Transmission During a Pandemic,PMC,cc-by,2020-07-27,,https://www.ncbi.nlm.nih.gov/pmc/articles/PMC7450244/,"['Prism', 'GraphPad']"
44dde1f40afcecf111dc8b94da106a9768423068,10.1007/s00415-020-10069-1,Impact of the COVID-19 outbreak on acute stroke care,Medline; PMC,cc-by,2020-07-20,J Neurol,https://www.ncbi.nlm.nih.gov/pubmed/32691235/; https://doi.org/10.1007/s00415-020-10069-1,"['R', 'R']"
4c7eadb064da075d04739ef54c65358848825f1b,10.1128/msphere.00362-20,Clinical Characteristics and Immune Injury Mechanisms in 71 Patients with COVID-19,Medline; PMC,cc-by,2020-07-15,mSphere,https://doi.org/10.1128/msphere.00362-20; https://www.ncbi.nlm.nih.gov/pubmed/32669467/,['GraphPad Prism']
4dac83b03dd5b56dda29aa879a95cc480db7ccfc,10.1038/s41386-020-0708-x,mGlu5 receptor availability in youth at risk for addictions: effects of vulnerability traits and cannabis use,PMC,cc-by,2020-05-15,Neuropsychopharmacology,https://www.ncbi.nlm.nih.gov/pmc/articles/PMC7608187/,['SPSS']
4f040274aac680a18a9ddee36b4cf371671db128,10.1017/s1743923x20000628,Double Whammy: Why the Underrepresentation of Women among Workplace and Political Decision Makers Matters in Pandemic Times,PMC,cc-by,2020-08-18,,https://www.ncbi.nlm.nih.gov/pmc/articles/PMC7562855/,['Trump']
50f9ea2210efc3c98630da060b4254036f83c516,10.3390/nano9040593,Secretory Nanoparticles of Neospora caninum Profilin-Fused with the Transmembrane Domain of GP64 from Silkworm Hemolymph,Medline; PMC,cc-by,2019-04-10,Nanomaterials (Basel),https://www.ncbi.nlm.nih.gov/pubmed/30974883/; https://doi.org/10.3390/nano9040593,['NetNGlyc']
516f6bad781f6c4de7933e7fa801454638824e75,10.7759/cureus.11542,Journal Retraction Rates and Citation Metrics: An Ouroboric Association?,Medline; PMC,cc-by,2020-11-18,Cureus,https://www.ncbi.nlm.nih.gov/pubmed/33365211/; https://doi.org/10.7759/cureus.11542,"['Scimago', 'ImpFac', 'Stata', 'Excel', 'ImpFac', 'Hindex', 'ImpFac', 'ImpFac']"
526919a3d53c54d8c3d0d6b3ba24c77f3a665e1a,10.4269/ajtmh.13-0664,"Molecular Detection of Adenoviruses, Rhabdoviruses, and Paramyxoviruses in Bats from Kenya",Medline; PMC,cc-by,2014-08-06,Am J Trop Med Hyg,https://doi.org/10.4269/ajtmh.13-0664; https://www.ncbi.nlm.nih.gov/pubmed/24865685/,"['BEAST Program', 'BLAST']"
542fd31741c98acb3ebf1b02739b58aa75db209e,10.1007/978-3-030-49076-8_21,ModuleNet: A Convolutional Neural Network for Stereo Vision,PMC,no-cc,2020-04-29,Pattern Recognition,https://www.ncbi.nlm.nih.gov/pmc/articles/PMC7297576/,"['FlowNet', 'FlowNet', 'FlowNetC', 'TV', 'Census', 'ELAS', 'FlowNetC', 'ModuleNet', 'ELAS', 'ELAS', 'FlowNetC', 'ELAS', 'FlowNetC', 'ADAM', 'FlowNet', 'Net', 'FlowNet', 'FlowNet', 'ELAS', 'FlowNetC', 'ELAS', 'FlowNetC']"
54907e15d728b246236d3870253151cd4cf5e658,10.1101/2020.09.18.301952,A trimeric human angiotensin-converting enzyme 2 as an anti-SARS-CoV-2 agent in vitro,BioRxiv; Medline; WHO,biorxiv,2020-09-18,bioRxiv,https://www.ncbi.nlm.nih.gov/pubmed/32995768/; https://doi.org/10.1101/2020.09.18.301952,"['RELION3', 'Octet Data Analysis HT', 'MotionCor2', 'CTFFIND4', 'RELION', 'RELION', 'GraphPad Prism', 'Phenix', 'ISOLDE', 'Phenix']"
561230b9b3ae0fa96845fdd0e2c602340b07b027,10.1213/ane.0000000000005289,Cardiopulmonary Resuscitation in the Prone Position in the Operating Room or in the Intensive Care Unit: A Systematic Review,Medline; PMC,cc-by-nc-nd,2020-10-15,Anesth Analg,https://doi.org/10.1213/ane.0000000000005289; https://www.ncbi.nlm.nih.gov/pubmed/33086246/,"['PubMed', 'Scopus', 'Scholar', 'Google Scholar', 'PubMed', 'Scopus', 'Google Scholar', 'Scopus', 'Google Scholar', 'Scopus']"
5834c228fdd9363c26def9a4d90f708207521674,10.1007/978-3-319-19737-1_1,Introduction to In Vitro Diagnostic Devices,PMC,no-cc,2015-07-17,In-Vitro Diagnostic Devices,https://www.ncbi.nlm.nih.gov/pmc/articles/PMC7124134/,['Oratect']
58bb53128f1760c6d725c8980cb36d1950d57cf0,10.1016/j.scitotenv.2020.140033,Spatial analysis and GIS in the study of COVID-19. A review,Elsevier; Medline; PMC,no-cc,2020-10-15,Sci Total Environ,https://api.elsevier.com/content/article/pii/S0048969720335531; https://www.ncbi.nlm.nih.gov/pubmed/32534320/; https://www.sciencedirect.com/science/article/pii/S0048969720335531; https://doi.org/10.1016/j.scitotenv.2020.140033,"['Baidu', 'SafeGraph', 'Google Scholar', 'Scopus', 'ScienceDirect', 'PubMed', 'R', 'SPSS', 'ERA5', 'WinBUGS', 'Geomathematics', 'SaTScan', 'SafeGraph', 'ArcGIS', 'R', 'QGIS', 'Kosmo', 'GeoJSON', 'openstreetmap', 'ArcGIS']"
596895b1d975e048665fe4a8dfcb8b0e438ce9ee,10.2196/17154,eHealth Communication With Clients at Community-Based HIV/AIDS Service Organizations in the Southern United States: Cross-Sectional Survey,Medline; PMC,cc-by,2020-09-09,JMIR Form Res,https://doi.org/10.2196/17154; https://www.ncbi.nlm.nih.gov/pubmed/32902395/,"['Snap', 'FaceTime', 'Skype', 'Qualtrics XM', 'Stata', 'SE']"
5c1ce4e84f344d3960d948c6efc083b18b593e71,10.1016/j.jinf.2020.11.012,Angiotensin converting enzyme genotypes and mortality from COVID-19: An ecological study,Elsevier; Medline; PMC,no-cc,2020-11-14,J Infect,https://doi.org/10.1016/j.jinf.2020.11.012; https://www.sciencedirect.com/science/article/pii/S0163445320307088?v=s5; https://api.elsevier.com/content/article/pii/S0163445320307088; https://www.ncbi.nlm.nih.gov/pubmed/33197472/,['Google Scholar']
5d45632933dccfefae01c5968a003379831171e3,10.1007/s41134-020-00155-9,Racial Equity as a Human Rights Issue: Field Agency Practices and Field Instructors’ Knowledge and Attitudes,Medline; PMC,no-cc,2021-01-18,J Hum Rights Soc Work,https://www.ncbi.nlm.nih.gov/pubmed/33490368/; https://doi.org/10.1007/s41134-020-00155-9,"['Qualtrics', 'SPSS']"
5eb175791059fc0dea7b0fb17c5056baa990e8c8,10.1016/j.ejim.2020.11.003,End-Stage Renal Disease and 30-day Mortality for Adults with and without COVID-19,Elsevier; Medline; PMC,no-cc,2020-11-09,Eur J Intern Med,https://api.elsevier.com/content/article/pii/S0953620520304131; https://www.ncbi.nlm.nih.gov/pubmed/33187792/; https://www.sciencedirect.com/science/article/pii/S0953620520304131?v=s5; https://doi.org/10.1016/j.ejim.2020.11.003,"['TriNetX', 'TriNetX']"
60090b31d8890af2882d798ad5076010da720b8a,10.1101/2020.06.15.20131987,Can the protection be among us? Previous viral contacts and prevalent HLA alleles could be avoiding an even more disseminated COVID-19 pandemic.,MedRxiv; WHO,medrxiv,2020-06-17,,http://medrxiv.org/cgi/content/short/2020.06.15.20131987v1?rss=1; https://doi.org/10.1101/2020.06.15.20131987,"['pvclust', 'R Studio', 'Docktope Tool', 'CrossTope', 'CrossTope', 'ImageJ', 'Pymol']"
626fddca2c0dd014a5879dfdae2064911cfe2667,10.1016/j.peptides.2020.170402,Peptides to Combat Viral Infectious Diseases,Elsevier; Medline; PMC,no-cc,2020-09-01,Peptides,https://doi.org/10.1016/j.peptides.2020.170402; https://www.sciencedirect.com/science/article/pii/S0196978120301510?v=s5; https://api.elsevier.com/content/article/pii/S0196978120301510; https://www.ncbi.nlm.nih.gov/pubmed/32889022/,"['Axon', 'VIKIA', 'OraQuickb', 'Bionor', 'Pediarix', 'REDUC', 'COVE']"
62af1f3f3018efa9f8dc92944af412ebd65ed379,10.1016/j.addr.2007.05.017,Nanotechnology in vaccine delivery,Elsevier; Medline; PMC,els-covid,2008-05-22,Advanced Drug Delivery Reviews,https://www.sciencedirect.com/science/article/pii/S0169409X08000458; https://doi.org/10.1016/j.addr.2007.05.017; https://www.ncbi.nlm.nih.gov/pubmed/18325628/; https://api.elsevier.com/content/article/pii/S0169409X08000458,['Prevnar']
6358aa17ba6d74ec668df072d9a30f5546e8fe6c,,"Pathogenesis, Symptomatology, and Transmission of SARS-CoV-2 through analysis of Viral Genomics and Structure",ArXiv,arxiv,2021-02-01,,https://arxiv.org/pdf/2102.01521v1.pdf,"['GISAID', 'NCBI']"
65078532d15de7dbfa1931a5e6e6eba317cee5e3,,Eliciting Disease Data from Wikipedia Articles,ArXiv,arxiv,2015-04-02,,https://arxiv.org/pdf/1504.00657v3.pdf,"['HealthMap', 'ProMED', 'HealthMap', 'HealthMap', 'HealthMap', 'Google Flu Trends', 'Google Flu Trends', 'Google Dengue Trends', 'HealthMap', 'ProMED', 'Google News', 'HealthMap', 'MediaWiki', 'HealthMap']"
6800cf0e6f07d5746317adfe85be7f5e1811313c,,Modeling COVID-19 in Cape Verde Islands -- An application of SIR model,ArXiv,arxiv,2020-05-01,,https://arxiv.org/pdf/2005.00573v2.pdf,"['R package ""', 'deSolve ""', 'ScipOrg', 'R']"
6a45607f711714e68936b74d1af18df649a96b07,10.1186/s12917-014-0284-6,Adverse effects of Influenza A(H1N1)pdm09 virus infection on growth performance of Norwegian pigs - a longitudinal study at a boar testing station,Medline; PMC,cc-by,2014-12-04,BMC Vet Res,https://doi.org/10.1186/s12917-014-0284-6; https://www.ncbi.nlm.nih.gov/pubmed/25472551/,"['Episens', 'SAS Enterprise Guide', 'STATA']"
6cf68c33149d465643b1a47684be59f77f381aba,10.1186/s13567-020-00866-x,Upregulation of DUSP6 impairs infectious bronchitis virus replication by negatively regulating ERK pathway and promoting apoptosis,Medline; PMC,cc-by,2021-01-11,Vet Res,https://www.ncbi.nlm.nih.gov/pubmed/33431056/; https://doi.org/10.1186/s13567-020-00866-x,"['Graphpad Prism8', 'Image J', 'Graph Pad Prism', 'Graph Pad']"
6fc46e0ca7d3a3cd7f7918f9d41f9e9fdb49b7c9,10.1111/eje.12583,Distance learning during social seclusion by COVID‐19: improving the quality of life of undergraduate dentistry students,Medline; PMC,no-cc,2020-08-11,Eur J Dent Educ,https://www.ncbi.nlm.nih.gov/pubmed/32780535/; https://doi.org/10.1111/eje.12583,"['SPSS', 'Skype', 'Google Forms®', 'Skype', 'Unichristus', 'Excel', 'Google Forms®Statistical Package for the Social Sciences (SPSS)', 'Skype', 'Skype', 'Moodle', 'Google Forms®']"
723b66c6c81bc4fdfd6ab0803861623a737e1e9e,10.1007/978-3-030-45231-5_23,An Axiomatic Approach to Reversible Computation,PMC,cc-by,2020-04-17,Foundations of Software Science and Computation Structures,https://www.ncbi.nlm.nih.gov/pmc/articles/PMC7788630/,"['CCS', 'HOπ', 'HOπ', 'HOπ']"
731f6ee11fbf80c103ca11b80f90fbb1a8de75e1,10.1101/2020.03.19.20038752,Bibliometric Analysis of Global Scientific Research on SARSCoV-2 (COVID-19),MedRxiv; WHO,medrxiv,2020-03-23,,https://doi.org/10.1101/2020.03.19.20038752,"['Scopus', 'VOS viewer', 'VOS viewer', 'VOS viewer']"
7364053f8be4467970465443c10cc3b39e573137,10.1371/journal.pntd.0007071,Experimental Zika virus infection of Jamaican fruit bats (Artibeus jamaicensis) and possible entry of virus into brain via activated microglial cells,PMC,cc-by,2019-02-04,PLoS Negl Trop Dis,https://www.ncbi.nlm.nih.gov/pmc/articles/PMC6382173/,['Ziess Zen']
776f92ecfc09526141bd82b6cd874afd16db30eb,10.1016/j.ijcha.2020.100644,Qt interval measurement with portable device during covid-19 outbreak,Elsevier; Medline; PMC,els-covid,2020-09-17,Int J Cardiol Heart Vasc,https://api.elsevier.com/content/article/pii/S2352906720303420; https://doi.org/10.1016/j.ijcha.2020.100644; https://www.ncbi.nlm.nih.gov/pubmed/32964098/; https://www.sciencedirect.com/science/article/pii/S2352906720303420?v=s5,"['KardiaMobile', 'KardiaMobile®', 'SPSS', 'iOS']"
7ca2b80063f77dae4bfa7c9ad287b3011ff14f10,10.1016/s1413-8670(12)70272-6,"High prevalence of human bocavirus 1 in infants with lower acute respiratory tract disease in Argentina, 2007 – 2009",Elsevier; Medline; PMC,els-covid,2012-02-29,The Brazilian Journal of Infectious Diseases,https://www.sciencedirect.com/science/article/pii/S1413867012702726; https://www.ncbi.nlm.nih.gov/pubmed/22358354/; https://api.elsevier.com/content/article/pii/S1413867012702726,"['ALIGN Query', 'MEGA']"
7f4b0d551fea47ed827a1d3f73e7eeb2c992a575,10.1016/j.gfs.2020.100420,Food securers or invasive aliens? Trends and consequences of non-native livestock introgression in developing countries,Elsevier; Medline; PMC,no-cc,2020-08-20,Glob Food Sec,https://doi.org/10.1016/j.gfs.2020.100420; https://www.ncbi.nlm.nih.gov/pubmed/32844086/; https://www.sciencedirect.com/science/article/pii/S2211912420300742; https://api.elsevier.com/content/article/pii/S2211912420300742,"['DAD', 'IS']"
81a21ed61594a7ae32c4f9e497ad321f32167cea,10.1101/2020.08.14.250258,Inhibition of Severe Acute Respiratory Syndrome Coronavirus 2 main protease by tafenoquine in vitro,BioRxiv; WHO,biorxiv,2020-08-15,bioRxiv,https://doi.org/10.1101/2020.08.14.250258,['SwissDock']
832bfe188bd480ed6068d8adcb3b669e7e046ae6,10.1186/s12862-019-1485-1,Molecular phylogenetics of the African horseshoe bats (Chiroptera: Rhinolophidae): expanded geographic and taxonomic sampling of the Afrotropics,PMC,cc-by,2019-08-22,BMC Evol Biol,https://www.ncbi.nlm.nih.gov/pmc/articles/PMC6704657/,"['BLASTn', 'GEN', 'EIOUS PRO', 'IQ', 'TREE', 'StarBEAST2', 'TRACER', 'jMODELTEST2 Science Gateway', 'MUSCLE', 'GENEIOUS', 'jMODELT', 'EST2', 'StarBEAST2', 'Tracer', 'LOGCOMBINER', 'TREEAN', 'NOTATOR', 'IQ', 'TREE', 'Figshare', 'MEGA X', 'MRBAYES', 'CIPRES', 'StarBEAST2', 'BEAST', 'BPP', 'BPP']"
83c33f01d7a8c1abca6dedf7e12e485fc7ed6ed3,10.1155/2016/8703239,Cortex phellodendri Extract Relaxes Airway Smooth Muscle,Medline; PMC,cc-by,2016-04-27,Evid Based Complement Alternat Med,https://www.ncbi.nlm.nih.gov/pubmed/27239213/; https://doi.org/10.1155/2016/8703239,['Zen']
85968b0e042d51b98fc82fa831f15fd3a3012736,10.1016/j.jaci.2010.02.035,Human Rhinovirus Proteinase 2A Induces Th1 and Th2 Immunity in COPD,Elsevier; Medline; PMC,green-oa,2010-06-01,Journal of Allergy and Clinical Immunology,http://europepmc.org/articles/pmc2881843?pdf=render; https://www.ncbi.nlm.nih.gov/pubmed/20430426/; https://doi.org/10.1016/j.jaci.2010.02.035; https://api.elsevier.com/content/article/pii/S0091674910004215; https://www.sciencedirect.com/science/article/pii/S0091674910004215,['FlowJo']
87d23553b1e4abc9f23750121d6259b10da73387,10.3389/fimmu.2018.00205,Pathogenicity and Viral Shedding of MERS-CoV in Immunocompromised Rhesus Macaques,Medline; PMC,cc-by,2018-02-12,Front Immunol,https://doi.org/10.3389/fimmu.2018.00205; https://www.ncbi.nlm.nih.gov/pubmed/29483914/,['ImageScope']
87d8c9aeb5a60f333c786846b6e1ebb504331d35,10.1134/s0003683810090024,Progress in the development of pandemic influenza vaccines and their production technologies,PMC,no-cc,2010-11-12,Appl,https://www.ncbi.nlm.nih.gov/pmc/articles/PMC7088289/,"['FluVac', 'UniFlux']"
887264fa70bfd2130e5ef9089f058332364d6313,10.2147/idr.s219580,Simultaneous detection of eleven sexually transmitted agents using multiplexed PCR coupled with MALDI-TOF analysis,PMC,cc-by-nc,2019-08-28,Infect Drug Resist,https://www.ncbi.nlm.nih.gov/pmc/articles/PMC6717854/,"['Typer', 'QuantStudio', 'QuantStudio ® 3D AnalysisSuite', 'Assay Design', 'BLASTN', 'SPSS Statistics', 'QuantStudio', 'SPSS']"
89e5347560c1ad4e6f1773c3688e79d357a20de9,10.1186/s13049-020-00809-7,A conceptual framework for Emergency department design in a pandemic,Medline; PMC,cc-by,2020-12-17,Scand J Trauma Resusc Emerg Med,https://www.ncbi.nlm.nih.gov/pubmed/33334364/; https://doi.org/10.1186/s13049-020-00809-7,"['Proquest', 'Proquest', 'Google Scholar']"
8b3c01a4952d1cad299800dcaaacd4fc4f1f00e6,10.1302/1863-2548.14.200145,Indications for gastrocsoleus lengthening in ambulatory children with cerebral palsy: a Delphi consensus study,Medline; PMC,cc-by-nc,2020-10-01,J Child Orthop,https://www.ncbi.nlm.nih.gov/pubmed/33204348/; https://doi.org/10.1302/1863-2548.14.200145,"['3DGA', '3DGA', 'Redcap']"
927ea5511189337b869a628c026ff51f6d897f94,10.1038/s41591-020-0803-x,Joint international consensus statement for ending stigma of obesity,Medline; PMC,cc-by,2020-03-04,Nat Med,https://doi.org/10.1038/s41591-020-0803-x; https://www.ncbi.nlm.nih.gov/pubmed/32127716/,"['Delphilike', 'SurveyMonkey', 'Turning Technology']"
9abf1e60ae2bf2385b5f8fca1168205970caf49a,10.3390/jof6040286,Is the Frequency of Candidemia Increasing in COVID-19 Patients Receiving Corticosteroids?,Medline; PMC,cc-by,2020-11-13,J Fungi (Basel),https://doi.org/10.3390/jof6040286; https://www.ncbi.nlm.nih.gov/pubmed/33203016/,['WINPEPI']
9f51b0332b4ce024515a9a7174f9bd2ab7e050da,10.1101/2020.04.15.20066407,Evaluation of antibody testing for SARS-Cov-2 using ELISA and lateral flow immunoassays,MedRxiv; WHO,medrxiv,2020-04-20,,https://doi.org/10.1101/2020.04.15.20066407,"['R', 'Stata', 'GraphPad Prism']"
a0ff20ccaeecf1da575268eb211bd95a5613abfc,10.1016/j.heliyon.2020.e04758,An evaluation of the environmental impact assessment practice in Uganda: challenges and opportunities for achieving sustainable development,Elsevier; Medline; PMC,no-cc,2020-09-21,Heliyon,https://www.ncbi.nlm.nih.gov/pubmed/32984571/; https://api.elsevier.com/content/article/pii/S2405844020316017; https://www.sciencedirect.com/science/article/pii/S2405844020316017; https://doi.org/10.1016/j.heliyon.2020.e04758,"['NEMA', 'NEMA', 'NEMA', 'NEMA']"
a24ff65aa15afdc4bc2b1dd5a87a9fc2a7798fc1,10.1007/s12652-020-02693-6,Stock prediction and mutual fund portfolio management using curve fitting techniques,Medline; PMC,no-cc,2021-01-02,J Ambient Intell Humaniz Comput,https://www.ncbi.nlm.nih.gov/pubmed/33425048/; https://doi.org/10.1007/s12652-020-02693-6,"['Infosys', 'TCS']"
a34779cbc1fc13750b2bbf66a50ddd5aab322df4,10.1007/s11262-020-01735-7,Approaches to optimize therapeutic bacteriophage and bacteriophage-derived products to combat bacterial infections,PMC,no-cc,2020-02-08,Virus Genes,https://www.ncbi.nlm.nih.gov/pmc/articles/PMC7223754/,['PhagoBurn']
a588711575bfa2efadb04579007902cd8c6a7992,10.1093/abm/kaaa077,Weight Stigma as a Predictor of Distress and Maladaptive Eating Behaviors During COVID-19: Longitudinal Findings From the EAT Study,Medline; PMC,no-cc,2020-09-10,Ann Behav Med,https://doi.org/10.1093/abm/kaaa077; https://www.ncbi.nlm.nih.gov/pubmed/32909031/,['Statistical Package for the Social Sciences']
a5c020b32718f4c6d0a0ea69e094559bbb4f9e7a,10.1007/s40520-020-01715-9,Clinical assessment of gait and functional mobility in Italian healthy and cognitively impaired older persons using wearable inertial sensors,Medline; PMC,cc-by,2020-09-25,Aging Clin Exp Res,https://www.ncbi.nlm.nih.gov/pubmed/32978750/; https://doi.org/10.1007/s40520-020-01715-9,"['iTUG', 'iTUG', 'Matlab', 'ACE', 'R', 'ACE', 'R', 'Matlab', 'ACE', 'R', 'SPSS Statistics']"
a6fd7ee60cb098cf0e9472163e5402e19999e66c,10.3390/ijerph17207637,Urban vs. Rural Socioeconomic Differences in the Nutritional Quality of Household Packaged Food Purchases by Store Type,Medline; PMC,cc-by,2020-10-20,Int J Environ Res Public Health,https://www.ncbi.nlm.nih.gov/pubmed/33092077/; https://doi.org/10.3390/ijerph17207637,"['Nielsen Homescan', 'STATA', 'Nielsen', 'svy', 'STATA', 'STATA', 'Nielsen']"
add4843c27d6fad1245125b8f3f9ee2785848d43,10.1038/s41586-020-2324-7,Respiratory disease in rhesus macaques inoculated with SARS-CoV-2,Medline; PMC,no-cc,2020-05-12,Nature,https://doi.org/10.1038/s41586-020-2324-7; https://www.ncbi.nlm.nih.gov/pubmed/32396922/,['Adobe Photoshop']
aeb9c4cebf6a19b4df2290d32e5ff206d6d74be0,10.1007/978-3-030-53291-8_5,AdamMC: A Model Checker for Petri Nets with Transits against Flow-LTL,PMC,cc-by,2020-06-16,Computer Aided Verification,https://www.ncbi.nlm.nih.gov/pmc/articles/PMC7363180/,"['AdamMC', 'comeToWork', 'AdamMC', 'AdamMC', 'AdamMC', 'Flow', 'AdamMC', 'AdamMC', 'MCHyper', 'AdamMC', 'ABC', 'AdamMC', 'AdamMC', 'AdamMC', 'AdamMC', 'AdamMC', 'AdamMC', 'AdamMC', 'LoLA', 'ITS', 'Tools', 'AdamMC', 'Flow', 'AdamMC', 'AdamMC', 'AdamMC', 'ABC', 'AdamMC', 'AdamMC', 'AdamMC', 'AdamMC', 'AdamMC', 'AdamMC', 'Graphviz', 'AdamMC', 'AdamMC', 'APT', 'AdamMC', 'AdamMC', 'AdamMC', 'AdamMC']"
af5b4e32abbfd1ad737236f0760f4e95b7166a33,10.1093/ectj/utaa025,Quantifying the impact of nonpharmaceutical interventions during the COVID-19 outbreak: The case of Sweden,PMC,no-cc,2020-08-29,Econom J,https://www.ncbi.nlm.nih.gov/pmc/articles/PMC7499505/,"['Google Mobility Tracker', 'BDM']"
b0ea0e3663a2602b56c56b46043f3e2dd157dde4,10.1016/j.adro.2020.10.005,Why Racial Justice Matters in Radiation Oncology,Medline; PMC,cc-by-nc-nd,2020-10-29,Adv Radiat Oncol,https://www.ncbi.nlm.nih.gov/pubmed/33150267/; https://doi.org/10.1016/j.adro.2020.10.005,"['ASTRO', 'LEADS', 'ASTRO', 'ATIP', 'LEADS']"
b2897e1277f56641193a6db73825f707eed3e4c9,10.1093/emboj/20.24.7220,Sequence requirements for RNA strand transfer during nidovirus discontinuous subgenomic RNA synthesis,PMC,green-oa,2001-12-17,The EMBO Journal,http://europepmc.org/articles/pmc125340?pdf=render,"['EAV', 'Scion Image']"
b8ff9b4a124469f25bcca7271036340245ccd2e0,10.3389/fimmu.2020.607314,Genetic Dissection of the Regulatory Mechanisms of Ace2 in the Infected Mouse Lung,Medline; PMC,cc-by,2021-01-08,Front Immunol,https://doi.org/10.3389/fimmu.2020.607314; https://www.ncbi.nlm.nih.gov/pubmed/33488611/,"['WGCNA', 'GEMMA', 'Bayesian Network Webserver (BNW', 'WGCNA', 'WGCNA', 'GEMMA', 'R', 'package', 'Rsubread', 'R', 'package DESeq2', 'R', 'package sva', 'WGCNA', 'Rsubread', 'R', 'package biomart', 'WebGestalt', 'Metcalfe', 'R package sva', 'DESeq2', 'GEMMA', 'GEMMA', 'DEseq2', 'Trim Galore', 'STAR', 'GN']"
be6717ac40da4c3bc1be64336dddcfd345f37307,10.1186/s12887-020-02316-1,Children with COVID-19 behaving milder may challenge the public policies: a systematic review and meta-analysis,Medline; PMC,cc-by,2020-09-01,BMC Pediatr,https://www.ncbi.nlm.nih.gov/pubmed/32873269/; https://doi.org/10.1186/s12887-020-02316-1,"['Excel', 'Google Scholar', 'R', 'R', 'Google Scholar']"
c0c2cd30dd839d3f2b0502bdda99cb1ac58c0052,10.1007/s00134-001-1132-2,The impact of delirium in the intensive care unit on hospital length of stay,PMC,no-cc,2001-11-08,Intensive Care Med,https://www.ncbi.nlm.nih.gov/pmc/articles/PMC7095464/,['SAS']
c503f392228bed7044030dd75d4bd41857ac6dd0,10.1016/j.diabres.2020.108374,Newly-diagnosed diabetes and admission hyperglycemia predict COVID-19 severity by aggravating respiratory deterioration,Elsevier; Medline; PMC,els-covid,2020-08-15,Diabetes Research and Clinical Practice,https://api.elsevier.com/content/article/pii/S0168822720306276; https://www.ncbi.nlm.nih.gov/pubmed/32805345/; https://doi.org/10.1016/j.diabres.2020.108374; https://www.sciencedirect.com/science/article/pii/S0168822720306276?v=s5; http://www.diabetesresearchclinicalpractice.com/article/S0168822720306276/pdf,"['SAS', 'GraphPad PRISM']"
c5dee9fd70fd49ad7f09894e2a42d76688c43646,10.3389/fmicb.2020.00833,Epidemiology and Phylogenetic Analysis of Viral Respiratory Infections in Vietnam,Medline; PMC,cc-by,2020-05-15,Front Microbiol,https://www.ncbi.nlm.nih.gov/pubmed/32499763/; https://doi.org/10.3389/fmicb.2020.00833,"['BLASTx', 'BLASTn', 'RAxML', 'Muscle', 'BLAST', 'BEAST', 'Path', 'Gen']"
c6820ec506b86803993d9fd0640dba3b7e9e8856,10.1016/j.nmni.2020.100715,Serial interval and time-varying reproduction number estimation for COVID-19 in West of Iran,Elsevier; Medline; PMC,els-covid,2020-06-14,New Microbes New Infect,https://doi.org/10.1016/j.nmni.2020.100715; https://www.sciencedirect.com/science/article/pii/S2052297520300676?v=s5; https://api.elsevier.com/content/article/pii/S2052297520300676; https://www.ncbi.nlm.nih.gov/pubmed/32566233/,"['R 0', 'EpiEstim', 'R', 'R 0 package', 'EpiEstim', 'EpiEstim']"
c95927dfc7c6c302975c1e192fb88756db0c9757,10.1016/j.jesp.2020.104083,The impact of COVID-19 on attitudes toward poverty and inequality,Elsevier; Medline; PMC,no-cc,2020-11-14,J Exp Soc Psychol,https://api.elsevier.com/content/article/pii/S0022103120304236; https://www.sciencedirect.com/science/article/pii/S0022103120304236?v=s5; https://doi.org/10.1016/j.jesp.2020.104083; https://www.ncbi.nlm.nih.gov/pubmed/33223565/,['Prolific']
cfee6f14c331d8ff36fe038f79f3ec68f0a93585,10.1073/pnas.2000260117,Visualization of the HIV-1 Env glycan shield across scales,PMC,cc-by,2020-11-10,Proc Natl Acad Sci U S A,https://www.ncbi.nlm.nih.gov/pmc/articles/PMC7668054/,"['SPARX', 'SPARX', 'MATLAB', 'HT', 'AM', 'HT', 'AM', 'ALLOSMOD', 'MODELLER', 'RELION', 'ALLOSMOD', 'MODELLER', 'MATLAB', 'MATLAB and Image Processing Toolbox', 'HT', 'AM', 'UCSF Chimera', 'HT', 'AM', 'SPARX', 'SPARX', 'RELION', 'cryoSPARC', 'EM', 'UCSF Chimera', 'Coot', 'Rosetta', 'HT', 'AM']"
cff9e74fb294d9e39c98b5d87e06bcbac7036422,10.1007/s40620-020-00790-5,Impact of renal function on admission in COVID-19 patients: an analysis of the international HOPE COVID-19 (Health Outcome Predictive Evaluation for COVID 19) Registry,Medline; PMC,no-cc,2020-06-29,J Nephrol,https://doi.org/10.1007/s40620-020-00790-5; https://www.ncbi.nlm.nih.gov/pubmed/32602006/,"['SPSS', 'STATA']"
d134339d956b29e179aa051605f29f003c40fafa,10.1007/s00345-020-03333-6,Global change of surgical and oncological clinical practice in urology during early COVID-19 pandemic,Medline; PMC,cc-by,2020-07-04,World J Urol,https://www.ncbi.nlm.nih.gov/pubmed/32623500/; https://doi.org/10.1007/s00345-020-03333-6,['SPSS Statistics']
d2f68e00577db80699a0b1cd1dd35b79384ed4fa,10.1007/s00068-018-01068-z,Severe blunt trauma in Finland and Estonia: comparison of two regional trauma repositories,PMC,no-cc,2019-01-05,Eur J Trauma Emerg Surg,https://www.ncbi.nlm.nih.gov/pmc/articles/PMC7223228/,"['TRISS', 'TRISS', 'R', 'R', 'TraumaRegister']"
d34bd824c372fa800206f99ba3e5cdff168eeaff,10.3389/fped.2020.606262,Low Frequency of Viral Respiratory Tract Infections During Family-Centered Neonatal Intensive Care: Results of a Prospective Surveillance Study,Medline; PMC,cc-by,2020-11-16,Front Pediatr,https://doi.org/10.3389/fped.2020.606262; https://www.ncbi.nlm.nih.gov/pubmed/33313030/,"['mPOCT', 'mPOCT']"
d76a837b2a11992c6a9efc8ecad21b67eccd4763,10.21203/rs.3.rs-42927/v1,Worldwide inverse correlation between Bacille Calmette-Guérin immunization and COVID-19 morbidity and mortality,Medline; PMC,cc-by,2020-07-16,Res Sq,https://www.ncbi.nlm.nih.gov/pubmed/32702715/; https://doi.org/10.21203/rs.3.rs-42927/v1,['MATLAB']
dfd4c8c0d7ddeafa496e7d549c9e887afecf2224,10.3390/s21010247,Expert Hypertension Detection System Featuring Pulse Plethysmograph Signals and Hybrid Feature Selection and Reduction Scheme,Medline; PMC,cc-by,2021-01-02,Sensors (Basel),https://doi.org/10.3390/s21010247; https://www.ncbi.nlm.nih.gov/pubmed/33401652/,"['EHDS', 'PuPG', 'PuPG', 'PuPG', 'PuPG', 'EHDS', 'MATLAB', 'PuPG', 'myDAQ', 'LabVIEW', 'GoogLeNet']"
e08c8a94084fff9c0f92ba0e9450cfb73b6ab014,10.1016/j.hlpt.2020.08.007,COVID-19 Pandemic in the United States,Elsevier; Medline; PMC,no-cc,2020-08-27,Health Policy Technol,https://doi.org/10.1016/j.hlpt.2020.08.007; https://www.ncbi.nlm.nih.gov/pubmed/32874854/; https://api.elsevier.com/content/article/pii/S2211883720300794; https://www.sciencedirect.com/science/article/pii/S2211883720300794?v=s5,"['HHS Protect', 'Teladoc', 'Moderna', 'Teladoc', 'HHS Protect']"
e26aff6f1e5804b7bd76479192756bb4a5ef0251,10.5765/jkacap.200046,"Science Goes On, As Life Does",PMC,cc-by-nc,2021-01-01,Soa Chongsonyon Chongsin Uihak,https://www.ncbi.nlm.nih.gov/pmc/articles/PMC7788665/,['JKACAP']
e387ff88edea33558d146489b90cb0be13d3a9a0,10.1007/s10640-020-00493-2,Perspectives on the Economics of the Environment in the Shadow of Coronavirus,PMC,no-cc,2020-08-27,Environ Resour Econ (Dordr),https://www.ncbi.nlm.nih.gov/pmc/articles/PMC7450147/,"['InfluenceMap', 'ERE']"
e645684c5c5cbcde5ab699e03cf83382a7eac2f8,10.1007/s00348-012-1325-1,Vortex dynamics and scalar transport in the wake of a bluff body driven through a steady recirculating flow,Medline; PMC,no-cc,2012-06-05,Exp Fluids,https://www.ncbi.nlm.nih.gov/pubmed/32214637/; https://doi.org/10.1007/s00348-012-1325-1,"['TSI', 'Insight', 'LaserPulse', 'LabVIEW']"
eaff0419345f6a5a952182c9ecc4447121edd03e,10.1007/s10389-020-01329-5,Influencing factors of COVID-19 spreading: a case study of Thailand,Medline; PMC,no-cc,2020-06-18,Z Gesundh Wiss,https://doi.org/10.1007/s10389-020-01329-5; https://www.ncbi.nlm.nih.gov/pubmed/32837844/,"['SPSS', 'QGIS']"
eb36dc936e232f9ee3c6afff4a0c8f4f1d04336a,10.1186/s13012-020-01033-8,"Proceedings of the Fifth Biennial Conference of the Society for Implementation Research Collaboration (SIRC) 2019: where the rubber meets the road: the intersection of research, policy, and practice - part 2: Seattle, WA, USA. 12-14 September 2019",PMC,cc-by,2020-09-30,Implement Sci,https://www.ncbi.nlm.nih.gov/pmc/articles/PMC7525076/,"['QUERI', 'Seva', 'CAPTAIN', 'TRAILS Dashboard', 'Modeling to Learn (MTL', 'TEAMS', 'LIFT', 'eScreening', 'BASIS', 'Coordination Toolkit and Coaching (CTAC', 'PRISM', 'CAPTAIN', 'TACTICS', 'InShape', 'TRAILS', 'Implementation', 'TRAILS', 'TACTICS', 'Visual Abstract', 'Text', 'Wraparound', 'INSPIRE', 'SALAR', 'ESCALATES', 'WISE', 'TRAILS', 'StepCare', 'PEARLS', 'SharePoint', 'NoMAD', 'SHARP', 'MOMS', 'CAPTURE', 'REP', 'EvidenceNOW', 'PRISMA', 'CTAC', 'MOMS', 'EvidenceNOW', 'eScreening', 'WISE', 'TRAILS Dashboard', 'TACTICS', 'PSD', 'Heidelberg Milestone approach MCA', 'Implementation Game© (TIG', 'Visual', 'QUERI', 'ADEPT', 'StepCare', 'APEASE', 'CHART', 'POINT', 'COAST', 'IS', 'ItFits', 'SPSS', 'SPSS', 'LOCI', 'LIFT', 'Alma', 'Implementer', 'ItFits', 'ImpleMentAll', 'TACTICS', 'ImpleMentAll', 'Visual Abstracts', 'IdeaBounce', 'CAPTURE', 'LIFT Together', 'Seva', 'Seva', 'M ADAPT', 'Implementation Practice Core Competency Tool', 'Re', 'Engage', 'Wraparound', 'CAPTURE', 'CAPTURE', 'RAP', 'CAPTURE', 'QIF', 'Rollins', 'PREDIAPS', 'InSHAPE', 'LIFT Together System', 'Twitter Analytics', 'Altmetric It', 'Visual Abstract', 'CAPTAIN', 'myCompass', 'PSD', 'LIFT Together', 'CNA', 'QUERI Adapted', 'CoCM', 'NVivo', 'myCompass', 'StepCare', 'SHARP', 'mHealth', 'Seva', 'PfS', 'TRAILS Dashboard', 'LIFT Together', 'TRAILS', 'INSPIRE', 'Interactive Systems Framework for Dissemination and Implementation']"
ecbd2c5383ce47458598e8956585c3addf5956b5,10.1016/j.chaos.2020.110337,A Survey on Artificial Intelligence Approaches in Supporting Frontline Workers and Decision Makers for COVID-19 Pandemic,Elsevier; Medline; PMC,no-cc,2020-10-10,Chaos Solitons Fractals,https://www.ncbi.nlm.nih.gov/pubmed/33071481/; https://doi.org/10.1016/j.chaos.2020.110337; https://www.sciencedirect.com/science/article/pii/S0960077920307323?v=s5; https://api.elsevier.com/content/article/pii/S0960077920307323,"['MobileNet', 'MobileNet', 'VGG19', 'MobileNet', 'Inception', 'Xception', 'Inception ResNet', 'Google Scholar']"
ecfe74334da1f6ef429584be4c0b2f98f117f2c5,10.3390/biom10050796,Unstructured Biology of Proteins from Ubiquitin-Proteasome System: Roles in Cancer and Neurodegenerative Diseases,Medline; PMC,cc-by,2020-05-21,Biomolecules,https://www.ncbi.nlm.nih.gov/pubmed/32455657/; https://doi.org/10.3390/biom10050796,"['PONDR', 'IUPRED', 'DISOPRED3', 'MoRFCHiBi', 'Web', 'MoRFpred', 'DISOPRED3', 'ANCHOR', 'DISOPRED3', 'MoRFpred', 'D2P2', 'IUPred', 'STRING', 'STRING', 'MoRFCHiBi', 'Web', 'Maestro GUI', 'D2P2', 'MoRF', 'MoRFCHiBi', 'Web', 'MoRFpred', 'DISOPRED3', 'Plot', 'MoRFCHiBi', 'ANCHOR', 'MoRFCHiBi', 'Web', 'MoRFCHiBi', 'Web', 'MoRFpred', 'DISOPRED3', 'ANCHOR', 'Plot', 'IUPRED', 'IUPred', 'PONDR', 'PrDOS', 'PONDR', 'PV2', 'ESpritz', 'ANCHOR', 'MoRFCHiBi', 'Web', 'MoRFpred', 'ANCHOR', 'MoRFpred', 'ANCHOR', 'MoRFCHiBi', 'Web', 'MoRFpred', 'MoRFCHiBi', 'Web', 'MoRFpred', 'D2P2', 'STRING', 'D2P2', 'MoRFCHiBi', 'Web', 'ANCHOR', 'MoRFpred', 'DISOPRED3', 'MoRFpred', 'MoRFCHiBi', '_ Web', 'IUPred', 'PONDR', 'PrDOS', 'PONDR', 'PV2', 'ESpritz', 'MoRFCHiBi', '_ Web server', 'IUPred', 'MoRF', 'MoRFCHiBi', 'Web', 'MoRFpred', 'MoRFCHiBi', 'Web', 'MoRFpred', 'MoRFCHiBi', 'Web', 'MoRFpred', 'STRING', 'STRING', 'MoRFCHiBi', 'Web', 'MoRFpred', 'MoRFCHiBi', '_ Web', 'D2P2', 'Plot']"
ee920d9fbd665ab4530646653d2ca966f109e333,10.1016/0042-6822(91)90760-9,Hepatitis E virus (HEV): Molecular cloning and sequencing of the full-length viral genome,Elsevier; Medline; PMC,els-covid,1991-11-30,Virology,https://www.sciencedirect.com/science/article/pii/0042682291907609; https://api.elsevier.com/content/article/pii/0042682291907609; https://www.ncbi.nlm.nih.gov/pubmed/1926770/,"['lntelligenetics', 'COD RNY']"
f4c8ec7b67c0db7c8bf033c273fb73c9bfad5c49,10.1007/s10461-020-02837-x,"Achieve Research Continuity During Social Distancing by Rapidly Implementing Individual and Group Videoconferencing with Participants: Key Considerations, Best Practices, and Protocols",Medline; PMC,no-cc,2020-04-02,AIDS Behav,https://doi.org/10.1007/s10461-020-02837-x; https://www.ncbi.nlm.nih.gov/pubmed/32240428/,['Zoom®']
f7ead5f1779f01ee70a8da474c52496b46f0d1fc,10.1093/eurheartj/ehaa794,Hypertension and renin-angiotensin system blockers are not associated with expression of angiotensin-converting enzyme 2 (ACE2) in the kidney,Medline; PMC,cc-by,2020-10-27,Eur Heart J,https://www.ncbi.nlm.nih.gov/pubmed/33206176/; https://doi.org/10.1093/eurheartj/ehaa794,"['REACTOME', 'Limma', 'R', 'sva', 'R', 'TRANSLATE', 'gee R', 'Nephroseq']"
f86ee618400f3b68fa97d6774669629ca3e029ae,10.1016/j.profnurs.2020.04.019,Redesigning a PhD measurement course for a new era in nursing science,Elsevier; PMC,no-cc,2020-04-30,J Prof Nurs,https://www.sciencedirect.com/science/article/pii/S8755722320300983?v=s5; https://api.elsevier.com/content/article/pii/S8755722320300983,['WebEx']
fbe1b706eff0980d92aec9a82218675ce6574ebd,10.1007/s00430-019-00648-z,Alternative pathway of complement activation has a beneficial role against Chandipura virus infection,PMC,no-cc,2019-11-28,Med Microbiol Immunol,https://www.ncbi.nlm.nih.gov/pmc/articles/PMC7223837/,"['FACS Diva', 'Graphpad prism']"
fc6e9b9c9d5f27c0f6035c3011603426a1674617,10.1016/j.prevetmed.2015.10.020,Genomic and evolutionary inferences between American and global strains of porcine epidemic diarrhea virus,Elsevier; Medline; PMC,els-covid,2016-01-01,Preventive Veterinary Medicine,https://doi.org/10.1016/j.prevetmed.2015.10.020; https://www.ncbi.nlm.nih.gov/pubmed/26611651/; https://api.elsevier.com/content/article/pii/S0167587715300416; https://www.sciencedirect.com/science/article/pii/S0167587715300416,"['SWISS', 'MODEL', 'FigTree', 'Jmol', 'PyMOL', 'PyMOL Molecular Graphics System', 'Recombination Detection Program (RDP)', 'GENECOV', 'MAXCHI', 'BEAST', 'MATLAB', 'MATLAB', 'TreeAnnotator', 'BEAST']"
ff35c78a87c6df72e6c46d136fc6a1b4f483ea41,10.1136/bmjopen-2020-037117,Turnover intention among primary health workers in China: a systematic review and meta-analysis,Medline; PMC,cc-by-nc,2020-10-16,BMJ Open,https://www.ncbi.nlm.nih.gov/pubmed/33067275/; https://doi.org/10.1136/bmjopen-2020-037117,"['Stata', 'RevMan']"
ff6ee9512267f847d91a0185e794ac98f15fe5d0,10.1371/journal.ppat.1005741,An In Vivo Selection Identifies Listeria monocytogenes Genes Required to Sense the Intracellular Environment and Activate Virulence Factor Expression,PMC,cc-by,2016-07-14,PLoS Pathog,https://www.ncbi.nlm.nih.gov/pmc/articles/PMC4945081/,['gBLOCK']
